Date,PLN,EUR,CZK,DKK,NOK,RUB,CHF,SEK,HUF,GBP
1995-2,2.43,0,0,6.032704545454546,6.697227272727273,0,1.28705,7.4663,0,1.5751454545454548
1995-3,2.42,0,0,5.914789473684209,6.579921052631579,0,1.2678789473684209,7.374305263157896,0,1.5711842105263158
1995-4,2.35,0,0,5.605340909090909,6.2469090909090905,0,1.1630909090909094,7.268027272727272,0,1.6026409090909093
1995-5,2.37,0,0,5.426762500000001,6.189999999999999,0,1.13804375,7.334837499999999,0,1.6080470588235294
1995-6,2.42,0,0,5.5091,6.273375,0,1.1696952380952381,7.294123809523809,0,1.5849600000000001
1995-7,2.3409999999999997,0,0,5.4582250000000005,6.225650000000001,0,1.1560799999999998,7.24988947368421,0,1.5953095238095238
1995-8,2.375,0,0,5.41185,6.173125000000001,0,1.1571947368421054,7.1681,0,1.5947999999999998
1995-9,2.375,0,0,5.623659090909091,6.35993181818182,0,1.2005454545454544,7.244299999999999,0,1.5657619047619051
1995-10,2.375,0,0,5.66015,6.3934500000000005,0,1.1872950000000002,7.098347368421053,0,1.5586850000000005
1995-11,2.4530000000000003,0,0,5.486023809523809,6.232999999999999,0,1.145,6.811166666666666,0,1.5779285714285713
1995-12,2.5215,0,0,5.4945714285714295,6.25345238095238,0,1.144347619047619,6.58684,0,1.5605190476190478
1996-1,2.4722,0,0,5.577527777777778,6.350216666666666,0,1.162764705882353,6.638717647058823,0,1.5406444444444445
1996-2,2.55,0,0,5.6669761904761895,6.42897619047619,0,1.1837476190476188,6.746485714285714,0,1.5275095238095235
1996-3,2.5669999999999997,0,0,5.665225000000001,6.396425000000002,0,1.1937350000000002,6.868422222222223,0,1.537705
1996-4,2.583,0,0,5.7088,6.427375,0,1.195145,6.7212444444444435,0,1.5270249999999999
1996-5,2.6578,0,0,5.830638888888888,6.508529411764705,0,1.2243157894736838,6.72940625,0,1.5132631578947369
1996-7,2.7208,0,0,5.8870555555555555,6.5311315789473685,0,1.2571578947368423,6.676316666666666,0,1.5421263157894736
1996-8,2.6995,0,0,5.790568181818181,6.441704545454544,0,1.232357142857143,6.640228571428571,0,1.5536636363636367
1996-9,2.7425,0,0,5.732261904761905,6.412919047619046,0,1.2032238095238097,6.621025,0,1.5503150000000003
1996-10,2.8085,0,0,5.80775,6.460175,0,1.23523,6.6405894736842095,0,1.559225
1996-11,2.8125,0,0,5.858204545454544,6.479227272727273,0,1.2594863636363636,6.59852380952381,0,1.5895909090909095
1996-12,2.8475,0,0,5.806625,6.352,0,1.2767800000000002,6.632147368421052,0,1.6664249999999998
1997-1,2.8725,0,0,5.938083333333333,6.463736842105264,0,1.328038888888889,6.824652941176471,0,1.6651947368421052
1997-2,3.0065,0,0,6.143666666666668,6.454238095238095,0,1.397395238095238,7.090599999999999,0,1.6538142857142861
1997-3,3.05875,0,0,6.398447368421053,6.6455947368421056,0,1.4576368421052632,7.4188684210526326,0,1.6268789473684209
1997-4,3.073,0,0,6.467941176470587,6.8021764705882335,0,1.4622333333333335,7.656355555555556,0,1.6059277777777774
1997-5,3.1630000000000003,0,0,6.532900000000001,6.9964249999999995,0,1.4639761904761908,7.684263157894737,0,1.6272904761904758
1997-6,3.2205,0,0,6.480526315789475,7.063026315789474,0,1.4278631578947367,7.669815789473685,184.17,1.6351789473684206
1997-7,3.2845,0,0,6.579631578947368,7.218024999999999,0,1.444655,7.739242105263158,0,1.645665
1997-8,3.4655,0,0,6.845886363636364,7.451377272727272,0,1.4832666666666665,7.818568181818182,0,1.6706590909090908
1997-9,3.47475,0,0,7.0068,7.617649999999999,0,1.512485,7.990052631578948,0,1.6004631578947368
1997-10,3.4215,0,0,6.79747619047619,7.290428571428571,0,1.4699809523809524,7.672757142857144,0,1.6000095238095235
1997-11,3.485,0,0,6.684,7.072045454545455,0,1.451059090909091,7.570942857142858,0,1.634577272727273
1997-12,3.5315,0,0,6.598916666666666,7.066157894736841,0,1.4081789473684212,7.570764705882353,0,1.6884526315789472
1998-2,3.5465,0,0,6.9225749999999975,7.502280000000001,0,1.47603,8.01992105263158,0,1.634335
1998-3,3.4805,0,0,6.907236842105262,7.552289473684209,0,1.4623105263157894,8.069684210526317,0,1.6405473684210528
1998-4,3.451,0,0,6.970261904761905,7.582714285714287,0,1.4926952380952383,7.968449999999999,0,1.662942857142857
1998-5,3.3925,0,0,6.8973,7.5191,0,1.5034736842105265,7.788117647058823,0,1.6714631578947368
1998-6,3.491,0,0,6.757688235294117,7.446444444444444,0,1.4773444444444441,7.694852941176472,0,1.635678947368421
1998-7,3.487,0,0,6.835805000000001,7.586074999999999,0,1.4962095238095239,7.91469,0,1.6517761904761907
1998-8,3.4335,0,0,6.8411727272727285,7.61340909090909,0,1.511554545454546,7.9825238095238085,0,1.6412636363636366
1998-9,3.705,0,0,6.800910526315791,7.703026315789473,0,1.4917799999999999,8.149731578947367,0,1.6340526315789476
1998-10,3.5825,0,0,6.460314285714284,7.5492,0,1.3970047619047616,7.897450000000001,0,1.6824238095238095
2001-4,4.113722222222222,0.9058809523809521,0,8.239328571428572,8.997980952380953,0,1.6941190476190475,10.077261904761903,293.9178947368421,1.4427714285714286
2001-5,4.016638888888888,0.8933117647058824,0,8.349570588235295,9.084693750000001,0,1.7121117647058828,10.176470588235293,298.520625,1.435735
2001-6,3.9870619047619043,0.8722136363636362,39.60269230769231,8.55208,9.159699999999999,0,1.7564523809523813,10.36,295.31428571428575,1.4245149999999998
2001-7,3.9712631578947364,0.8531449999999999,39.74225,8.72146842105263,9.297165,0,1.7842100000000003,10.783031578947366,288.7275000000001,1.4001549999999998
2001-8,4.209840000000001,0.8629095238095236,39.17557894736843,8.634128571428572,9.244957142857142,0,1.7555349999999996,10.741904761904763,289.3685714285714,1.4148285714285715
2001-9,4.243557142857143,0.9026272727272727,37.73563636363636,8.247536363636364,8.929327272727273,0,1.6788227272727274,10.330254545454546,278.70333333333326,1.4382714285714289
2001-10,4.2195210526315785,0.9121157894736844,37.43405263157895,8.162731578947366,8.77582105263158,0,1.6311578947368421,10.63948947368421,281.2042105263158,1.4646368421052633
2001-11,4.127642857142857,0.9051454545454547,37.03004545454546,8.213327272727271,8.826018181818181,0,1.634077272727273,10.557363636363636,281.4452631578947,1.4497363636363636
2001-12,4.0896421052631595,0.8865099999999998,37.48022222222222,8.395231578947369,8.93377,0,1.6543684210526315,10.601125,282.98350000000005,1.433635
2002-1,4.013264705882353,0.8924999999999998,36.31576470588236,8.32905625,8.9581875,0,1.6523999999999999,10.530166666666666,276.56866666666673,1.4412529411764705
2002-2,4.071186363636364,0.8814409090909092,36.413727272727265,8.435866666666666,8.978395454545455,0,1.669412631578947,10.454486363636363,276.23285714285714,1.4305636363636365
2002-3,4.188284210526315,0.8705789473684211,36.48936842105264,8.534836842105262,8.93348888888889,0,1.6968444444444444,10.542921052631579,279.84315789473686,1.423342105263158
2002-4,4.130677777777777,0.8768444444444444,35.78715789473684,8.474147058823531,8.8028,0,1.6731111111111112,10.32623888888889,279.02388888888896,1.4227944444444445
2002-5,4.05448,0.886205,34.21910526315789,8.387665000000002,8.610311111111109,0,1.6543850000000002,10.312124999999998,273.428,1.4435761904761906
2002-6,4.052725000000001,0.9182772727272728,33.247499999999995,8.093714999999998,8.16686111111111,0,1.5869049999999998,10.050131578947367,265.38238095238097,1.4592300000000002
2002-7,4.026983333333332,0.9592263157894734,31.537263157894735,7.742294444444444,7.719394736842102,0,1.5333222222222223,9.515444444444444,253.2336842105263,1.4887578947368418
2002-8,4.128931818181818,0.9918681818181819,30.0507,7.487414285714284,7.46882380952381,0,1.4727190476190475,9.364477272727273,248.84681818181815,1.5556999999999996
2002-9,4.172663157894736,0.9773100000000001,31.592944444444445,7.599430000000003,7.600268421052632,0,1.4999449999999999,9.458874999999999,250.84764705882353,1.5334749999999997
2002-10,4.153711111111111,0.980485,30.795199999999994,7.575560000000001,7.505626315789473,0,1.4932894736842106,9.3395,248.584,1.5559250000000002
2002-11,4.119147619047619,0.9812380952380954,31.26460000000001,7.573025000000001,7.468658823529412,0,1.494247619047619,9.278863636363635,248.26549999999997,1.5564045454545457
2002-12,3.947722222222222,1.0016052631578947,30.648999999999994,7.413745000000001,7.30491875,0,1.4674157894736841,9.103194444444444,237.42450000000002,1.572007
2003-1,3.8998000000000004,1.0224157894736843,30.628875,7.267994444444445,7.1226666666666665,0,1.4370333333333332,8.92044117647059,231.26333333333332,1.5904549999999997
2003-2,3.830557142857143,1.0646285714285715,29.618894736842105,6.983128571428572,6.905564705882353,0,1.3745578947368422,8.62042105263158,226.30350000000004,1.6188285714285713
2003-3,3.8698333333333332,1.0774105263157894,29.383473684210525,6.897226315789473,7.017415789473685,0,1.3619235294117649,8.481447368421051,227.38000000000002,1.6045473684210527
2003-4,4.018585,1.080545,29.394699999999993,6.875285000000001,7.273889999999999,0,1.3628,8.533999999999999,227.391,1.58303
2003-5,3.9511684210526314,1.0846166666666666,29.121166666666667,6.839005555555556,7.219847058823529,0,1.3819882352941177,8.42529411764706,226.11315789473682,1.5757210526315788
2003-6,3.7390238095238093,1.1602428571428574,27.07152631578948,6.4019736842105255,6.79068,30.90295499999999,1.3089666666666668,7.9082500000000024,212.452,1.6248523809523812
2003-7,3.800033333333334,1.1653350000000002,26.98547368421053,6.37866111111111,7.03637894736842,30.439349999999997,1.3239052631578947,7.824999999999999,224.9268421052631,1.6632900000000004
2003-8,3.9089,1.134740909090909,28.143954545454548,6.554385714285714,7.301609090909093,30.361457142857137,1.3625105263157895,8.089166666666667,232.6459090909091,1.620740909090909
2003-9,3.920311111111112,1.112005,29.05495,6.685429999999999,7.433835,30.36551,1.3876388888888886,8.294722222222221,232.6926315789473,1.59067
2003-10,3.9753000000000003,1.1273095238095239,28.754111111111108,6.5915857142857135,7.2726380952380945,30.602585714285716,1.3723368421052633,8.041666666666666,226.48578947368418,1.617
2003-11,3.93,1.168818181818182,27.369571428571433,6.357522727272726,7.03797619047619,30.09211363636364,1.3247149999999999,7.700454545454547,219.02052631578945,1.6785909090909088
2003-12,3.931044444444445,1.1736894736842105,27.309875,6.338557894736842,6.9821052631578935,29.784061111111114,1.3285052631578946,7.660138888888889,220.96894736842106,1.691136842105263
2004-1,3.777268421052631,1.2329800000000002,26.227263157894743,6.046872222222222,6.696254999999999,29.41766500000001,1.263357894736842,7.338235294117648,215.04277777777781,1.755004761904762
2004-2,3.7416150000000004,1.2604449999999998,26.014450000000004,5.909934999999999,6.838710526315789,28.76701111111111,1.2431949999999998,7.265263157894736,209.7942105263158,1.8246900000000004
2004-3,3.8418157894736837,1.2650894736842104,25.922736842105266,5.890494736842106,6.944866666666666,28.50896875,1.2452777777777777,7.254868421052632,207.47055555555556,1.8713999999999997
2004-4,3.876195238095238,1.224781818181818,26.959227272727276,6.082049999999999,6.9590999999999985,28.52278947368421,1.2767333333333333,7.535340909090909,206.38761904761898,1.8256227272727272
2004-5,3.9770842105263156,1.1948578947368422,27.171000000000003,6.233529411764705,6.928441176470589,28.783953333333336,1.3002666666666665,7.67111111111111,209.33450000000002,1.7984095238095243
2004-6,3.9260210526315777,1.2008999999999996,26.58731578947368,6.195788235294119,6.824170588235295,28.998925,1.2825941176470588,7.591617647058824,210.5363157894737,1.7886052631578948
2004-7,3.780121052631579,1.2132599999999996,26.082135,6.129461904761904,6.845847619047619,29.03272,1.2520578947368424,7.55263157894737,208.68400000000003,1.8257095238095242
2004-8,3.633971428571429,1.2266095238095238,25.685,6.062666666666666,6.909433333333334,29.093120000000006,1.2459523809523807,7.499473684210526,203.29105263157896,1.8431904761904765
2004-9,3.6392380952380954,1.2188666666666665,25.961285714285715,6.09914,6.829719047619046,29.22835,1.2623380952380951,7.522631578947369,204.0411111111111,1.8181095238095235
2004-10,3.5720714285714275,1.2231666666666665,25.80852631578947,6.081523809523811,6.834376190476191,29.217764999999996,1.2629249999999999,7.425131578947366,202.29700000000003,1.7925190476190478
2004-11,3.4529055555555557,1.251565,25.172684210526317,5.940626315789473,6.5622105263157895,29.02336666666666,1.231963157894737,7.244750000000001,197.86352941176474,1.8088449999999998
2004-12,3.268657894736842,1.3031000000000001,23.985421052631583,5.6957611111111115,6.243765,28.496309090909094,1.1672809523809526,6.912105263157895,188.78249999999997,1.8653000000000002
2005-1,3.0786454545454545,1.3421545454545454,22.837349999999997,5.545457894736843,6.130433333333333,27.873825,1.147055,6.692516666666666,183.30761904761906,1.9274200000000001
2005-2,3.1169400000000005,1.3082999999999998,23.144315789473684,5.687685,6.279294736842107,28.01075,1.181215789473684,6.926111111111109,188.1636842105263,1.8765549999999998
2005-3,3.0531055555555557,1.3021736842105265,22.97978947368421,5.716563157894737,6.411040000000001,27.95064117647059,1.189773684210526,6.973676470588236,186.96055555555554,1.8897157894736842
2005-4,3.0575857142857137,1.3192799999999998,22.701888888888888,5.640926315789474,6.215773333333334,27.65649230769231,1.1749200000000002,6.884473684210526,186.13642857142855,1.90558
2005-5,3.218889473684211,1.2935850000000002,23.29363157894737,5.761752941176471,6.317889473684211,27.79985789473684,1.1953894736842106,7.084605263157894,191.94650000000001,1.896115
2005-6,3.2918210526315788,1.2655999999999998,23.850899999999996,5.887099999999999,6.3739375,27.978135294117646,1.223411111111111,7.275657894736843,198.90875000000003,1.8517149999999998
2005-7,3.3344761904761904,1.215352380952381,24.681888888888885,6.125065000000001,6.489144999999999,28.54486875,1.266925,7.6274999999999995,204.41,1.8174285714285716
2005-8,3.404005,1.205095,25.02294117647059,6.189964999999999,6.5646,28.688219999999994,1.2937444444444444,7.802500000000001,204.23700000000002,1.7496349999999996
2005-9,3.28532,1.2303545454545453,24.00940909090909,6.06695,6.436768181818182,28.47712857142857,1.2621263157894735,7.589419047619047,198.71476190476187,1.796314285714285
2005-10,3.2034190476190476,1.2221190476190475,23.97905,6.104295238095238,6.393380952380952,28.391394999999996,1.2702833333333332,7.641309523809523,201.49761904761903,1.8043142857142858
2005-11,3.26326875,1.20221,24.703894736842106,6.209711111111111,6.512415789473685,28.55594,1.2876823529411765,7.828823529411763,209.31,1.7648149999999998
2005-12,3.367595,1.1763380952380955,24.85361111111111,6.340728571428572,6.672468421052631,28.803229411764704,1.3132142857142857,8.12029411764706,213.35142857142853,1.7319571428571425
2006-1,3.2412894736842106,1.186766666666667,24.418650000000003,6.277300000000001,6.721615,28.7973,1.3047666666666666,7.934027777777776,212.76399999999998,1.747185
2006-2,3.143126315789474,1.2126666666666666,23.647999999999996,6.153138095238096,6.630861111111111,28.22534375,1.2775714285714284,7.667647058823529,206.98700000000002,1.768547619047619
2006-3,3.1760473684210533,1.192436842105263,23.801437500000002,6.262076470588235,6.760775,28.188875000000003,1.3068263157894737,7.839166666666667,210.97263157894736,1.745647368421053
2006-4,3.2348818181818184,1.2029454545454543,23.834454545454545,6.202813636363637,6.624661904761906,27.834419047619047,1.305659090909091,7.8090909090909095,217.38190476190474,1.7419863636363637
2006-5,3.189129411764706,1.2287562499999998,23.245812499999996,6.056475,6.368293333333333,27.538255555555555,1.28143125,7.5846875,216.14235294117645,1.7701588235294121
2006-6,3.0517333333333334,1.2773818181818184,22.1325,5.840344999999999,6.106280000000001,27.03421578947368,1.2180857142857142,7.305714285714285,205.35095238095238,1.8709863636363635
2006-7,3.181631578947369,1.2644666666666666,22.464285714285715,5.904545000000001,6.235639999999999,26.986645,1.2340789473684213,7.294999999999999,216.17399999999992,1.841490476190476
2006-8,3.1457263157894735,1.267675,22.465117647058822,5.88527,6.2589894736842115,26.911905,1.237572222222222,7.265874999999999,218.49349999999998,1.8454749999999998
2006-9,3.043485714285714,1.2814545454545454,21.9825,5.822222727272727,6.241405263157894,26.753913636363635,1.2311047619047617,7.187159090909091,214.11000000000004,1.8954095238095239
2006-10,3.119947368421053,1.2714600000000003,22.330105263157897,5.86731,6.507652631578947,26.75042,1.245595,7.281874999999999,215.67350000000005,1.8837349999999997
2006-11,3.091110526315789,1.2608476190476192,22.442789473684215,5.913209523809523,6.658680952380952,26.86631428571429,1.2614238095238097,7.332738095238096,211.4105263157895,1.8760190476190477
2006-12,2.9620833333333336,1.2910047619047618,21.719833333333334,5.781884210526317,6.385942105263158,26.567055555555562,1.2355684210526316,7.051052631578948,200.46368421052628,1.9146380952380955
2007-1,2.8863833333333337,1.3208888888888888,21.016294117647057,5.643994444444444,6.1779111111111105,26.290355555555557,1.2100588235294116,6.8370588235294125,192.21529411764703,1.96315
2007-2,2.993047619047619,1.2975666666666665,21.490666666666666,5.744514285714286,6.384315789473684,26.527850000000004,1.2457749999999999,6.999124999999999,195.81285714285718,1.959252380952381
2007-3,2.9763421052631585,1.308784210526316,21.57747368421052,5.695568421052632,6.177231578947369,26.29392222222222,1.2404055555555553,7.03265625,193.5521052631579,1.9559578947368415
2007-4,2.9322600000000003,1.3252333333333335,21.15871428571429,5.6214571428571425,6.13917,26.097252631578947,1.2182684210526316,7.02407894736842,188.1315789473684,1.9477523809523813
2007-5,2.8196722222222217,1.3534294117647059,20.70872222222222,5.500411764705882,5.9907875,25.786664285714284,1.2114866666666666,6.836041666666667,181.75444444444446,1.9924722222222222
2007-6,2.8018199999999998,1.3504409090909089,20.9081,5.516159999999999,6.02631,25.82423333333333,1.2225947368421053,6.823499999999999,184.03333333333336,1.982159090909091
2007-7,2.8384055555555556,1.3423,21.29005,5.5486,5.997050000000001,25.905018749999993,1.23325,6.935,186.501,1.9872599999999998
2007-8,2.7479714285714287,1.3724619047619047,20.579315789473682,5.42175238095238,5.784861904761904,25.52929523809524,1.208144444444444,6.6976666666666675,180.13809523809525,2.0348761904761905
2007-9,2.799261904761905,1.3619181818181816,20.438909090909092,5.465677272727273,5.853418181818182,25.63004761904762,1.2027450000000002,6.896874999999999,187.52714285714288,2.0081909090909087
2007-10,2.715331578947368,1.3944684210526317,19.787,5.344173684210525,5.604031578947368,25.145799999999998,1.180258823529412,6.6557894736842105,181.58684210526323,2.017978947368421
2007-11,2.5987150000000003,1.4239,19.185619047619042,5.234772727272728,5.409831818181818,24.87664090909091,1.1742571428571427,6.451428571428571,176.26789473684212,2.0454136363636364
2007-12,2.486230000000001,1.470495238095238,18.178578947368422,5.069595238095238,5.4199190476190475,24.430780000000006,1.1209285714285717,6.319868421052631,173.1357142857143,2.0692904761904765
2008-1,2.4706058823529413,1.4562111111111111,18.05635294117647,5.120411764705882,5.491170588235295,24.587244444444448,1.1399687499999998,6.446458333333333,173.91562500000003,2.014794444444444
2008-2,2.453585714285714,1.4725809523809525,17.671809523809525,5.059623809523809,5.403430000000001,24.49151666666667,1.0981238095238095,6.415,174.2395238095238,1.9696809523809524
2008-3,2.413841176470588,1.476005,17.1584,5.05109,5.379334999999999,24.487294736842106,1.08926,6.343999999999999,177.9465,1.962685
2008-4,2.2741470588235293,1.5569722222222222,16.220631578947366,4.7872,5.120799999999999,23.696294736842106,1.008238888888889,6.047361111111112,166.8263157894737,2.004461111111111
2008-5,2.180965,1.5760949999999998,15.901749999999998,4.734273684210526,5.046075,23.508900000000004,1.01343,5.946052631578947,160.616,1.981004761904762
2008-6,2.1853473684210525,1.5559999999999998,16.119904761904763,4.793135,5.054045,23.728080952380953,1.0435750000000001,5.987857142857143,158.6965,1.96324
2008-7,2.1653555555555553,1.5563449999999999,15.56795,4.790031578947368,5.140673684210526,23.619094736842104,1.03709,6.029705882352942,155.692,1.9655750000000005
2008-8,2.0625590909090907,1.5758909090909092,14.927045454545457,4.7341227272727275,5.107631818181818,23.34543181818182,1.0269809523809523,6.000119047619047,146.96818181818182,1.987845454545454
2008-9,2.2123789473684212,1.4898200000000001,16.344,5.008435000000001,5.347489473684211,24.28741,1.08769,6.303289473684211,158.51736842105265,1.8771894736842103
2008-10,2.3542000000000005,1.4336809523809524,17.07004761904762,5.203699999999999,5.70517619047619,25.345585714285715,1.1112238095238096,6.676904761904762,167.96380952380954,1.7966952380952381
2008-11,2.720504545454545,1.3238454545454545,18.687619047619044,5.63675,6.519354545454546,26.49997142857143,1.1433454545454547,7.45875,195.63600000000002,1.6814909090909091
2008-12,2.9530882352941172,1.2716263157894738,19.900055555555557,5.8584578947368415,6.955636842105264,27.39144736842105,1.1941157894736842,7.987236842105261,208.74842105263156,1.5269894736842107
2009-1,2.9694684210526314,1.354995,19.388315789473687,5.528661111111111,6.9996789473684204,28.204430000000002,1.1399684210526315,7.957365789473685,195.68111111111114,1.4851450000000002
2009-2,3.2131684210526315,1.31662,20.712449999999997,5.662417499999999,6.964965000000001,33.03876875000001,1.13237,8.15097222222222,213.66800000000003,1.4409049999999997
2009-3,3.654815789473684,1.2772684210526315,22.29057894736842,5.833797736842104,6.874294444444445,35.79623333333333,1.1668210526315788,8.57171052631579,233.83263157894734,1.4412421052631579
2009-4,3.5271095238095236,1.310147619047619,20.731142857142853,5.691490476190477,6.742123809523809,34.38622631578948,1.1530666666666665,8.50297619047619,232.61047619047622,1.4210142857142858
2009-5,3.3454470588235297,1.3175999999999999,20.29373684210526,5.653666666666668,6.666894117647059,33.52342500000001,1.1493,8.264264705882354,223.12157894736845,1.4725894736842102
2009-6,3.2228649999999996,1.37003,19.502157894736843,5.451499999999999,6.4378277777777795,31.826263157894733,1.1065833333333335,7.733421052631579,206.05315789473687,1.5489105263157894
2009-7,3.219704999999999,1.4000000000000001,18.917238095238094,5.321935000000001,6.396657142857143,31.095634999999998,1.0827666666666669,7.78575,199.922380952381,1.6355857142857142
2009-8,3.041068181818181,1.4098863636363632,18.274047619047614,5.281481818181818,6.339345454545455,31.533140909090914,1.0783636363636364,7.682613636363637,193.09409090909085,1.636777272727273
2009-9,2.8980631578947373,1.426275,17.97,5.21931,6.068354999999999,31.740640000000003,1.0685450000000003,7.165394736842105,189.60722222222228,1.649852631578947
2009-10,2.856590476190476,1.458861904761905,17.35390476190476,5.10232380952381,5.87743,30.634804761904757,1.0385666666666666,6.987619047619048,186.2104761904762,1.6333142857142857
2009-11,2.8380714285714284,1.4840761904761903,17.4537,5.015957142857143,5.6273800000000005,29.365300000000005,1.0198380952380952,6.952,181.23000000000002,1.62167619047619
2009-12,2.7822449999999996,1.49424,17.245894736842104,4.97896842105263,5.6297049999999995,28.893894736842107,1.0103000000000002,6.912124999999999,180.9225,1.661305
2010-1,2.850131578947368,1.4558285714285717,17.922999999999995,5.107442105263158,5.765026315789473,30.13594736842105,1.0308999999999997,7.150125000000001,187.44700000000003,1.621715
2010-2,2.850310526315789,1.4238105263157894,18.34531578947368,5.228278947368421,5.745184210526316,29.852137499999998,1.0361157894736843,7.156666666666666,189.0747368421053,1.6162473684210525
2010-3,2.9356842105263157,1.365205263157895,19.020947368421055,5.452936842105263,5.92285,30.14174444444444,1.0743235294117648,7.260657894736843,198.67647058823528,1.5550263157894737
2010-4,2.8631857142857142,1.3566863636363637,18.798363636363636,5.483690476190476,5.911589473684211,29.513066666666667,1.0651818181818182,7.1656818181818185,195.4738095238095,1.50675
2010-5,2.889773684210526,1.33942,18.90405,5.558314999999999,5.915704999999999,29.16927,1.0709,7.209625,198.057,1.5335210526315783
2010-6,3.2554,1.249436842105263,20.56121052631579,5.956843750000001,6.324706249999999,30.604544444444443,1.1338823529411766,7.749027777777777,221.6788888888889,1.4601105263157896
2010-7,3.36064,1.2216285714285715,21.11066666666667,6.092038095238095,6.476080952380952,31.21433,1.1221,7.8341249999999985,230.7352380952381,1.4782380952380954
2010-8,3.1746789473684216,1.2819894736842103,19.67877777777778,5.81435789473684,6.249652631578947,30.562447368421047,1.0521578947368422,7.402105263157895,221.02421052631576,1.532521052631579
2010-9,3.0979249999999996,1.2865619047619046,19.290285714285716,5.791419047619049,6.172571428571429,30.452634999999997,1.0390761904761905,7.32202380952381,218.3566666666667,1.5625350000000005
2010-10,3.01263,1.31354,18.786421052631578,5.673914999999999,6.035005,30.797650000000004,0.9995555555555556,7.020625,214.03947368421052,1.5604249999999997
2010-11,2.841366666666667,1.3916473684210526,17.621500000000005,5.358626315789472,5.834466666666668,30.343500000000002,0.96715,6.6722368421052645,197.2244444444444,1.5870263157894737
2010-12,2.88133125,1.3676,18.01329411764706,5.451882352941176,5.955272222222224,30.982372222222224,0.9825117647058823,6.82,201.2433333333333,1.600022222222222
2011-1,3.017526315789474,1.3234000000000001,19.030100000000004,5.6318399999999995,5.961365,30.79081111111111,0.96587,6.839875000000001,209.408,1.5624000000000002
2011-2,2.9043058823529413,1.3380421052631577,18.2301052631579,5.571868421052631,5.851678947368421,29.955125000000006,0.9571421052631579,6.6561111111111115,205.58473684210526,1.5800789473684211
2011-3,2.8806166666666666,1.3643222222222222,17.801611111111114,5.465055555555555,5.725516666666667,29.219300000000004,0.9511388888888889,6.441527777777777,198.79111111111115,1.6129111111111112
2011-4,2.8637090909090905,1.4022181818181818,17.404545454545453,5.318822727272726,5.591050000000001,28.407727272727268,0.9185227272727272,6.352045454545455,192.55249999999998,1.6150272727272728
2011-5,2.7332315789473682,1.4491666666666665,16.75211111111111,5.148982352941177,5.385606666666667,28.038747368421042,0.8945277777777778,6.19375,182.85157894736844,1.6374187500000001
2011-6,2.750725,1.4309450000000001,17.0578,5.210747368421053,5.470870588235293,27.962989473684207,0.8759315789473683,6.2488888888888905,186.49499999999998,1.6317000000000004
2011-7,2.7554100000000004,1.4388809523809523,16.865,5.185305263157895,5.4463,27.973285000000004,0.8405449999999999,6.34741052631579,185.19400000000002,1.618819047619048
2011-8,2.8061210526315787,1.4237684210526313,17.09755555555556,5.236731578947368,5.465452631578947,27.905152631578954,0.8209500000000001,6.4178444444444445,188.09947368421047,1.6146789473684209
2011-9,2.875828571428572,1.434518181818182,16.919636363636364,5.193486363636364,5.433622727272728,28.85935909090909,0.7817727272727274,6.391650000000001,189.915,1.636595238095238
2011-10,3.1895750000000005,1.3680050000000001,17.99447368421053,5.44377,5.657369999999999,31.05270999999999,0.8880365000000001,6.686044999999998,209.411,1.5729099999999998
2011-11,3.160844444444445,1.3755736842105262,18.103444444444445,5.413163157894737,5.626026315789474,31.08064736842105,0.8941684210526316,6.620568421052632,215.74823529411765,1.5802421052631581
2011-12,3.267838888888889,1.3562105263157895,18.752166666666668,5.487352631578948,5.740868421052632,30.836877777777772,0.9086526315789473,6.74351052631579,228.02578947368428,1.581947368421053
2012-1,3.4043949999999996,1.3138550000000002,19.45336842105263,5.659269999999999,5.893585,31.5795,0.9336,6.8527000000000005,232.00650000000002,1.5596052631578947
2012-2,3.361211111111111,1.29218947368421,19.730157894736838,5.754894736842106,5.933315789473684,31.15035294117647,0.9364052631578949,6.836522222222222,236.05473684210526,1.5526210526315791
2012-3,3.1534789473684217,1.3235947368421055,18.911684210526314,5.617226315789473,5.696189473684212,29.742463157894736,0.9115526315789474,6.6560894736842116,219.09578947368425,1.5806368421052635
2012-4,3.134515,1.3200571428571433,18.687952380952375,5.633152380952382,5.714157142857142,29.342005263157898,0.9136190476190474,6.7332809523809525,221.38315789473688,1.5817428571428571
2012-5,3.181405555555556,1.3143470588235295,18.882388888888887,5.655035294117647,5.75741875,29.516866666666665,0.914205882352941,6.745094117647059,224.78999999999996,1.601721052631579
2012-6,3.3841449999999993,1.2761,19.9071,5.833155555555554,5.930159999999999,31.124526315789467,0.941155,7.061184210526317,230.85047619047623,1.586325
2012-7,3.4155842105263154,1.2544300000000004,20.42635,5.922642105263158,6.006645,32.76072222222222,0.9568450000000001,7.048288888888889,232.81299999999996,1.558226315789474
2012-8,3.412365,1.22458,20.782222222222217,6.075044999999999,6.079675,32.51123499999999,0.9806263157894738,6.952078947368422,233.654,1.5583
2012-9,3.2969714285714296,1.2415181818181817,20.127636363636366,5.998027272727271,5.893245454545454,31.944472727272725,0.9671272727272726,6.679686363636364,224.47571428571433,1.573168181818182
2012-10,3.1942333333333326,1.2903666666666669,19.176777777777772,5.777494444444445,5.742422222222222,31.304461111111113,0.9376388888888889,6.59761111111111,220.05166666666665,1.614588888888889
2012-11,3.163711111111111,1.2981714285714283,19.197315789473684,5.743126315789475,5.7022315789473685,31.0976947368421,0.9316684210526317,6.647026315789472,216.9525,1.6081142857142858
2012-12,3.2237105263157897,1.2823157894736843,19.78705263157895,5.817031578947368,5.722363157894735,31.367444444444445,0.9391736842105264,6.712594736842105,220.34263157894733,1.5953947368421055
2013-1,3.1210500000000008,1.3123062499999998,19.217937500000005,5.68531875,5.596946666666667,30.716529411764707,0.9223133333333334,6.602125000000001,217.76466666666664,1.6160937499999999
2013-2,3.114195,1.33147,19.2244,5.60484,5.5500799999999995,30.218405000000008,0.9237350000000001,6.482220000000001,220.63150000000005,1.5932849999999998
2013-3,3.129344444444444,1.3312944444444446,19.13661111111111,5.604088888888889,5.579944444444445,30.241572222222228,0.9229222222222222,6.3792,219.96888888888887,1.5423388888888887
2013-4,3.21095,1.2959166666666666,19.824111111111108,5.7509,5.77704375,30.848384210526312,0.9470666666666668,6.438529411764707,234.91352941176473,1.5078111111111108
2013-5,3.17561,1.3035299999999999,19.82065,5.7146349999999995,5.790744999999999,31.358535000000007,0.9361799999999999,6.488905,229.23300000000003,1.532314285714286
2013-6,3.226305263157894,1.2975380952380953,19.966500000000003,5.7460111111111125,5.828211111111111,31.358624999999996,0.9578210526315787,6.623904999999999,225.4735,1.527890476190476
2013-7,3.2476473684210525,1.3195368421052631,19.53094736842106,5.649577777777778,5.883973684210527,32.40592222222222,0.9329052631578948,6.582564705882352,224.15210526315786,1.5486315789473686
2013-8,3.2555199999999997,1.31079,19.793699999999994,5.689965,6.0070500000000004,32.705960000000005,0.9440421052631578,6.60445,225.2335,1.5188550000000005
2013-9,3.1773,1.331152380952381,19.382238095238094,5.603009523809524,5.972342857142858,33.039833333333334,0.9267200000000001,6.534857142857143,224.88684210526318,1.55274
2013-10,3.1613736842105262,1.3384736842105263,19.269,5.572457894736841,5.959168421052631,32.459300000000006,0.9216578947368422,6.474726315789474,223.7361111111111,1.5918368421052629
2013-11,3.06673,1.3641714285714284,18.832,5.46824761904762,5.949409523809525,32.056866666666664,0.9031,6.414838095238095,215.9763157894737,1.607871428571429
2013-12,3.105523529411765,1.3481833333333333,20.04338888888889,5.532544444444444,6.097438888888889,32.730044444444445,0.9135444444444446,6.589644444444444,220.9211111111111,1.6108333333333336
2014-1,3.045488235294118,1.37125,20.0804375,5.4408125,6.14026875,32.86277058823529,0.8927222222222224,6.537631249999999,219.0926666666667,1.6379777777777778
2014-2,3.075144444444444,1.360325,20.196315789473687,5.483657894736842,6.172552631578948,34.0394375,0.9038157894736841,6.485055555555557,222.72842105263157,1.6464950000000003
2014-3,3.050758823529412,1.3678999999999997,20.065764705882348,5.457547058823529,6.104993749999999,35.30017647058824,0.8933,6.495688235294117,226.75647058823532,1.6574388888888894
2014-4,3.0378052631578942,1.3826350000000003,19.823,5.402166666666667,5.996784210526317,36.05923333333334,0.8812000000000001,6.413957894736841,225.19947368421052,1.6616549999999997
2014-5,3.03008947368421,1.3814722222222222,19.86978947368421,5.403627777777778,5.974435294117648,35.7264,0.8820149999999998,6.549672222222224,222.46999999999997,1.6757052631578948
2014-6,3.042335,1.3724450000000004,20.014,5.432917647058823,5.936589473684211,34.82957894736842,0.8892850000000001,6.572036842105264,221.64199999999997,1.68367
2014-7,3.0423999999999998,1.35936,20.19145,5.485977777777777,6.059889473684211,34.34790555555555,0.89552,6.683994444444447,225.45789473684215,1.69318
2014-8,3.065633333333334,1.3517333333333335,20.321238095238094,5.516414285714285,6.203395238095238,34.81625238095238,0.8982949999999997,6.830066666666666,229.13904761904763,1.7053428571428566
2014-9,3.1540631578947367,1.3296799999999998,20.93045,5.606620000000001,6.187589999999999,36.234094999999996,0.9107750000000001,6.906149999999999,236.03736842105263,1.6681750000000002
2014-10,3.25579,1.28517,21.457299999999996,5.79297,6.3684850000000015,38.151030000000006,0.9393150000000002,7.145063157894737,243.26850000000005,1.6271400000000003
2014-11,3.320909523809524,1.2669190476190477,21.792700000000004,5.87664761904762,6.583814285714285,41.07080000000001,0.9534142857142855,7.247971428571429,242.71052631578948,1.6052809523809521
2014-12,3.3785250000000002,1.2467235294117647,22.179937499999998,5.9688058823529415,6.8020000000000005,46.528905882352944,0.9646941176470588,7.415135294117648,246.02588235294115,1.5755764705882354
2015-1,3.4331199999999997,1.2299000000000002,22.465947368421052,6.043561111111111,7.322263157894736,56.6296,0.977735,7.648247368421054,252.97842105263157,1.5621500000000004
2015-2,3.693883333333333,1.1548944444444442,24.184666666666665,6.445372222222223,7.703911111111111,66.06017333333334,0.9330444444444446,8.142988888888889,273.22666666666663,1.5121166666666668
2015-3,3.6793294117647064,1.1340333333333332,24.32994117647059,6.574264705882352,7.5996000000000015,64.07093125,0.9384117647058824,8.353229411764705,269.9841176470588,1.5362388888888887
2015-4,3.8204285714285713,1.0799476190476194,25.353476190476197,6.909404761904762,8.011271428571426,59.933785,0.981785,8.55023,280.89619047619044,1.4930238095238093
2015-5,3.7291105263157895,1.0777833333333335,25.43884210526316,6.927788888888889,7.877944444444444,52.44781499999999,0.9616299999999999,8.655294444444444,278.1266666666667,1.4981421052631578
2015-6,3.6623157894736837,1.1147631578947372,24.594222222222225,6.709817647058822,7.5687444444444445,50.59513333333334,0.9307263157894737,8.350223529411764,274.9542105263158,1.5471421052631578
2015-7,3.7084649999999995,1.1229428571428572,24.305857142857143,6.64358,7.801690476190479,54.701755000000006,0.931657142857143,8.248535,278.1142857142857,1.559161904761905
2015-8,3.774890476190477,1.0980571428571426,24.654550000000008,6.79577619047619,8.15892857142857,57.87469523809525,0.9555238095238093,8.547557142857142,282.92999999999995,1.5552523809523813
2015-9,3.7650650000000008,1.11616,24.226450000000007,6.6878150000000005,8.250135,66.01079000000001,0.967735,8.533445,279.6511111111111,1.559205263157895
2015-10,3.75404,1.1219100000000002,24.146052631578947,6.650290000000001,8.303295,66.63834999999999,0.9732100000000001,8.355665000000002,278.5685,1.534995
2015-11,3.7863150000000005,1.1225900000000002,24.12678947368421,6.646559999999999,8.271939999999997,63.02914499999999,0.9690449999999998,8.331904999999999,277.0531578947368,1.53612
2015-12,3.9656411764705877,1.071422222222222,25.227941176470583,6.963577777777776,8.636005555555554,65.23425882352942,1.0105277777777777,8.687344444444445,291.30722222222226,1.5180666666666665
2016-1,3.937123809523809,1.0904,24.789550000000002,6.843857894736842,8.713724999999998,70.43174761904761,0.9930000000000002,8.476885,288.53900000000004,1.4972400000000001
2016-2,4.065282352941176,1.0863388888888887,24.87933333333333,6.869000000000001,8.81111111111111,78.11196666666666,1.0081222222222221,8.543676470588236,289.45666666666665,1.4360555555555556
2016-3,3.9577105263157897,1.1096894736842102,24.37168421052632,6.725826315789473,8.616357894736842,77.06452777777778,0.9915315789473681,8.453573684210525,279.29315789473685,1.427284210526316
2016-4,3.851515,1.113985,24.284300000000005,6.695463157894737,8.4632,69.510115,0.9805,8.333515,279.53684210526313,1.42538
2016-5,3.808175,1.1340199999999998,23.834200000000003,6.560463157894736,8.206675,66.42299,0.964405,8.114705,274.5475,1.4317684210526316
2016-6,3.9015052631578953,1.1290850000000003,23.934800000000003,6.599376470588235,8.259599999999999,65.87500526315792,0.98024,8.24467894736842,278.85052631578947,1.4513099999999999
2016-7,3.915757142857143,1.1228999999999998,24.08495,6.623704761904761,8.307199999999998,64.92178499999999,0.9685285714285714,8.307057894736841,279.51523809523803,1.414957142857143
2016-8,3.971273684210527,1.1062315789473685,24.43805882352941,6.724710526315789,8.484342105263158,64.51909444444443,0.9823105263157897,8.579977777777778,283.88421052631577,1.3144631578947368
2016-9,3.8382047619047626,1.1211772727272729,24.104090909090907,6.637118181818182,8.286986363636363,64.83076363636364,0.9715181818181822,8.468945454545455,276.7895454545455,1.311327272727273
2016-10,3.8464300000000002,1.122035,24.082736842105263,6.63835,8.174095,64.25296500000002,0.9728600000000001,8.53343,275.0545,1.311665
2016-11,3.917972222222223,1.100078947368421,24.552666666666667,6.763389473684211,8.187347368421053,62.68253333333333,0.9884157894736845,8.837563157894737,278.8382352941177,1.2287473684210524
2016-12,4.075294444444444,1.0786526315789473,25.06172222222222,6.900399999999999,8.418600000000001,64.46808888888889,0.9964421052631576,9.120600000000001,286.2694736842105,1.2459315789473684
2017-1,4.204155,1.0525849999999999,25.70055,7.06527,8.579555,61.79576842105262,1.020805,9.207379999999999,295.9515789473685,1.2476789473684213
2017-2,4.089888235294118,1.0655222222222223,25.360555555555564,6.978866666666666,8.434822222222222,59.699768750000004,1.0049222222222223,8.90793529411765,290.0627777777777,1.236825
2017-3,4.056333333333333,1.0620666666666665,25.43141176470588,7.000283333333332,8.341966666666664,58.22320625,1.0037277777777778,8.926350000000001,290.3966666666667,1.2456555555555555
2017-4,4.004333333333333,1.0698272727272724,25.25323809523809,6.949138095238096,8.515404761904765,57.72725499999999,1.0011095238095238,8.903823809523809,289.4050000000001,1.2345
2017-5,3.953411764705882,1.0731000000000002,24.9746875,6.9274000000000004,8.577953333333333,56.47179999999999,1.000242105263158,8.9438375,290.51437500000003,1.2663968749999996
2017-6,3.797005000000001,1.1065761904761906,23.982,6.72738888888889,8.51382105263158,56.92704210526316,0.9855380952380953,8.781869999999998,280.1695238095238,1.292661904761905
2017-7,3.7490421052631566,1.1237190476190475,23.3751,6.623247368421053,8.460557894736842,58.20999499999999,0.968525,8.685511111111111,274.5405263157895,1.2804261904761904
2017-8,3.669552631578947,1.155236842105263,22.551555555555556,6.438231578947368,8.121463157894736,59.80478947368421,0.9610789473684209,8.295205263157897,265.3394736842106,1.3008315789473681
2017-9,3.6097761904761905,1.1810636363636364,22.097136363636363,6.297922727272728,7.887577272727273,59.41832727272727,0.9648772727272728,8.077854545454546,257.64181818181817,1.2937295454545454
2017-10,3.5906894736842108,1.1907105263157896,21.880944444444445,6.249263157894736,7.8430526315789475,57.682289473684214,0.9635210526315791,8.013742105263157,259.3510526315789,1.3367263157894738
2017-11,3.6210263157894733,1.1749899999999998,21.898849999999996,6.33471,8.003325,57.693335000000005,0.9838350000000002,8.185095,263.3933333333333,1.3201125
2017-12,3.6004473684210527,1.1744157894736842,21.75883333333333,6.337321052631578,8.20131052631579,59.06681666666667,0.9915052631578946,8.39275789473684,265.64473684210526,1.3222052631578947
2018-1,3.5475666666666665,1.1844611111111112,21.656222222222226,6.284583333333334,8.303072222222223,58.57417777777778,0.9869666666666667,8.387283333333334,264.34055555555557,1.3401578947368422
2018-2,3.407145,1.222415,20.810700000000004,6.091824999999999,7.8799850000000005,56.474000000000004,0.958625,8.034175000000001,253.14149999999995,1.3859350000000004
2018-3,3.3808000000000002,1.232033333333333,20.564444444444444,6.043938888888889,7.859433333333334,56.900299999999994,0.9360944444444443,8.06688888888889,252.98555555555555,1.3929305555555553
2018-4,3.4101,1.2346157894736842,20.594055555555556,6.031082352941176,7.75454117647059,57.147561111111116,0.9478526315789475,8.231588888888888,252.87625,1.3994575
2018-5,3.4166388888888894,1.2274631578947366,20.67661111111111,6.064452941176471,7.839344444444444,61.12343157894737,0.9698916666666665,8.4542,253.91444444444446,1.405855
2018-6,3.687782,0.856183,22.091957,6.380266000000001,8.117753,62.769243,0.990032,8.806747999999999,276.438783,0.7521770000000001
2018-7,3.6995769999999997,0.855282,22.111539,6.375707,8.131862,62.856465,0.994597,8.82675,277.48188700000003,0.759306
2018-8,3.714976,0.8666860000000001,22.271313,6.463564,8.344614,66.44449,0.9890450000000001,9.073568,279.92579,0.777285
2018-9,3.691822,0.8579680000000001,22.003657999999998,6.402081,8.257848,67.63877,0.96859,8.96082,278.825967,0.7667619999999999
2018-10,3.746686,0.870075,22.476295,6.493327,8.256911,65.872226,0.994093,9.042485000000001,281.908823,0.7680640000000001
2018-11,3.784039,0.879906,22.821776999999997,6.565245,8.475105000000001,66.54310699999999,1.000898,9.060306,283.580033,0.775185
2018-12,3.7705910000000005,0.8790020000000001,22.713516000000002,6.562453,8.636351,67.618687,0.991967,9.035057,283.593194,0.788754
2019-1,3.757086,0.8756309999999999,22.452755,6.538972,8.552861,66.735484,0.9894430000000001,8.9929,279.936065,0.7754770000000001
2019-2,3.8042599999999998,0.880959,22.664215,6.575027,8.58432,65.79642,1.001144,9.244168,280.205741,0.768832
2019-3,3.8061730000000003,0.885152,22.744484,6.6080369999999995,8.605186999999999,65.286129,1.00015,9.296906,280.059968,0.759735
2019-4,3.815035,0.8901319999999999,22.858979,6.646263,8.565112,64.558909,1.0089219999999999,9.335283,286.01865499999997,0.767821
2019-5,3.83541,0.892861,22.977631,6.6682559999999995,8.740664,64.98078100000001,1.013102,9.603287,289.718524,0.772311
